{"cameraMode":{"drawMode":0,"name":"Shaded","section":"Shading Mode"},"sceneLighting":false,"audioPlay":false,"sceneViewState":{"showFog":true,"showMaterialUpdate":false,"showSkybox":true,"showFlares":true,"showImageEffects":true,"showParticleSystems":true},"in2DMode":false,"pivot":{"x":7.159999847412109,"y":0.4999999701976776,"z":0.0},"rotation":{"x":0.5229445695877075,"y":-0.02173001691699028,"z":0.013338225893676281,"w":0.8519882559776306},"size":3.143672466278076,"orthographic":false}