{"cameraMode":{"drawMode":0,"name":"Shaded","section":"Shading Mode"},"sceneLighting":false,"audioPlay":false,"sceneViewState":{"showFog":true,"showMaterialUpdate":false,"showSkybox":true,"showFlares":true,"showImageEffects":true,"showParticleSystems":true},"in2DMode":false,"pivot":{"x":2.4100000858306886,"y":0.3499999940395355,"z":2.569999933242798},"rotation":{"x":0.45457723736763,"y":0.0013360597658902407,"z":-0.0006818665424361825,"w":0.8907060027122498},"size":0.857365608215332,"orthographic":false}