{"cameraMode":{"drawMode":0,"name":"Shaded","section":"Shading Mode"},"sceneLighting":false,"audioPlay":false,"sceneViewState":{"showFog":true,"showMaterialUpdate":false,"showSkybox":true,"showFlares":true,"showImageEffects":true,"showParticleSystems":true},"in2DMode":false,"pivot":{"x":-2.3601999282836916,"y":2.255863904953003,"z":0.30375248193740847},"rotation":{"x":0.5811479687690735,"y":0.021965868771076204,"z":-0.01569478213787079,"w":0.8133512735366821},"size":2.8578836917877199,"orthographic":true}